ID,Days in Depot,Weight,Length,Width,Height,Status
X009,9,1,9,9,7,Processed
X020,1,1,6,4,14,Processed
X025,7,1,4,9,9,Processed
X036,8,4,6,9,12,Processed
X064,8,4,1,8,15,Processed
X086,7,4,1,7,13,Processed
X121,3,7,2,3,6,Processed
X198,9,4,8,0,10,Processed
X213,4,8,5,2,15,Processed
X214,1,8,1,1,15,Processed
X278,5,3,1,0,11,Processed
X285,1,4,3,1,10,Processed
X309,1,2,8,5,11,Processed
X316,9,5,4,0,11,Processed
X386,9,1,6,5,9,Processed
X475,4,3,8,1,11,Processed
X507,5,3,9,8,13,Processed
X521,6,4,4,4,8,Processed
X540,9,2,5,4,5,Processed
X552,4,5,7,8,12,Processed
X606,8,8,4,2,13,Processed
X682,3,6,4,4,12,Processed
X720,4,2,1,3,8,Processed
X733,6,6,5,7,11,Processed
X746,4,4,9,5,7,Processed
X780,4,1,2,5,12,Processed
X782,5,3,2,7,12,Processed
X857,2,6,6,3,9,Processed
X904,4,1,4,9,15,Unprocessed
X919,5,8,7,4,10,Processed
111,1,2.0,3,4,5,Unprocessed
2222,10,89.0,44,43,12,Unprocessed
